,feature,importance
28,points_ewm_3,0.2978734
6,ict_index,0.10513634
29,points_ewm_6,0.04954373
3,creativity,0.035934553
26,threat_ewm_3,0.03443939
10,points,0.032070562
12,next_opp_diff,0.028232222
27,threat_ewm_6,0.027647957
24,influence_ewm_3,0.026043259
14,value,0.023218893
23,creativity_ewm_6,0.021295493
2,clean_sheets,0.019281082
16,selected,0.018727526
31,total_points_ewm_6,0.017747963
22,creativity_ewm_3,0.017245505
15,value_efficiency,0.016914934
19,goals_scored_ewm_6,0.016646989
4,influence,0.016262718
18,goals_scored_ewm_3,0.015587425
21,assists_ewm_6,0.015557709
20,assists_ewm_3,0.015307266
25,influence_ewm_6,0.015223188
8,bps,0.015184517
9,total_points,0.01490254
5,threat,0.014881827
30,total_points_ewm_3,0.014145197
1,assists,0.013963201
17,transfers_balance,0.013907844
13,was_home,0.013081185
7,bonus,0.013045826
11,opponent_difficulty,0.012359923
0,goals_scored,0.008589804
